{
  "k_search": {
    "inertias": {
      "2": 29951.084801517474,
      "3": 21711.96958661214,
      "4": 14594.801673529026,
      "5": 11292.460725098674,
      "6": 9455.227207544718,
      "7": 8543.109660325075,
      "8": 7552.693096057085
    },
    "silhouettes": {
      "2": 0.403436504043339,
      "3": 0.41304801862399093,
      "4": 0.4317287718387052,
      "5": 0.4562151537855875,
      "6": 0.3888276686188893,
      "7": 0.3645127870875095,
      "8": 0.3779964738330481
    },
    "best_k": 5
  },
  "chosen_k": 5,
  "cluster_labels": {
    "1": "Slow / Congested",
    "2": "Below Average",
    "3": "Average",
    "0": "Above Average",
    "4": "Fast / Efficient"
  }
}